bin	Marker Lineage	# Genomes	# Markers	# Marker Sets	0	1	2	3	4	5	Completeness	Contamination	user_genome	Domain	Phylum	Class	Order	Family	Genus	Species	bin_length	bin_%GC	contig_count	min_contig_length
bin.048	k__Archaea	207	149	107	26	121	2	0	0	0	78.97	1.87	id47	Archaea	Micrarchaeota	Micrarchaeia	Micrarchaeales	Micrarchaeaceae	UBA12276		1010733	52	4	2.5k
bin.444	k__Archaea	207	149	107	28	120	1	0	0	0	78.66	0.93	id443	Archaea	Micrarchaeota	Micrarchaeia	Micrarchaeales	Micrarchaeaceae	UBA12276		1022201	49	14	2.5k
bin.004	k__Archaea	207	149	107	28	120	1	0	0	0	78.66	0.93	id3	Archaea	Micrarchaeota	Micrarchaeia	Micrarchaeales	Micrarchaeaceae	UBA12276		1011851	49	12	10k
bin.043	k__Archaea	207	149	107	26	121	2	0	0	0	78.97	1.87	id42	Archaea	Micrarchaeota	Micrarchaeia	Micrarchaeales	Micrarchaeaceae	UBA12276		1010733	52	4	10k
bin.267	p__Euryarchaeota	148	188	125	10	176	2	0	0	0	94	0.8	id266	Archaea	Thermoplasmatota	E2	UBA9212				1952219	71	74	2.5k
bin.304	p__Euryarchaeota	148	188	125	18	168	0	2	0	0	90.8	1.6	id303	Archaea	Thermoplasmatota	E2	UBA9212				2018583	71	58	10k
bin.157	k__Bacteria	5449	104	58	62	42	0	0	0	0	53.17	0	id156	Bacteria	Acidobacteriota	Acidobacteriae	Acidobacteriales	Acidobacteriaceae	CAIVDV01		3811692	59	363	2.5k
bin.404	k__Bacteria	2258	187	116	68	116	3	0	0	0	79.26	2.16	id403	Bacteria	Acidobacteriota	Acidobacteriae	Acidobacteriales	Acidobacteriaceae	CAIVDV01		3816702	59	196	2.5k
bin.134	k__Bacteria	2258	187	116	70	116	1	0	0	0	69.08	0.86	id133	Bacteria	Acidobacteriota	Acidobacteriae	Acidobacteriales	Acidobacteriaceae	CAIVDV01		3445856	59	138	10k
bin.047	k__Bacteria	2258	187	116	48	129	10	0	0	0	93.75	6.9	id46	Bacteria	Acidobacteriota	Acidobacteriae	Acidobacteriales	Acidobacteriaceae	Granulicella_A		5015270	57	98	2.5k
bin.468	k__Bacteria	2258	187	116	40	129	18	0	0	0	80.93	5.74	id467	Bacteria	Acidobacteriota	Acidobacteriae	Acidobacteriales	Acidobacteriaceae	Granulicella_A		6097229	58	352	2.5k
bin.034	k__Bacteria	2258	187	116	60	119	8	0	0	0	64.99	2.78	id33	Bacteria	Acidobacteriota	Acidobacteriae	Acidobacteriales	Acidobacteriaceae	Granulicella_A		4979772	58	201	10k
bin.101	k__Bacteria	2258	187	116	48	131	8	0	0	0	93.75	5.17	id100	Bacteria	Acidobacteriota	Acidobacteriae	Acidobacteriales	Acidobacteriaceae	Granulicella_A		5046363	57	87	10k
bin.358	k__Bacteria	2258	188	117	90	98	0	0	0	0	66.56	0	id357	Bacteria	Acidobacteriota	Acidobacteriae	Acidobacteriales	Acidobacteriaceae	Silvibacterium	Silvibacterium sp013289875	3820072	58	196	10k
bin.046	k__Bacteria	5449	104	58	2	72	30	0	0	0	98.28	9.48	id45	Bacteria	Acidobacteriota	Acidobacteriae	Acidobacteriales	Acidobacteriaceae	Terracidiphilus		8354268	58	129	2.5k
bin.176	k__Bacteria	2258	187	116	5	180	2	0	0	0	97.2	0.22	id175	Bacteria	Acidobacteriota	Acidobacteriae	Acidobacteriales	Acidobacteriaceae	Terracidiphilus		4119809	58	126	2.5k
bin.188	k__Bacteria	2258	187	116	97	89	1	0	0	0	50.54	0.86	id187	Bacteria	Acidobacteriota	Acidobacteriae	Acidobacteriales	Acidobacteriaceae	Terracidiphilus		2914104	59	346	2.5k
bin.230	k__Bacteria	2258	187	116	6	169	12	0	0	0	95.47	4.66	id229	Bacteria	Acidobacteriota	Acidobacteriae	Acidobacteriales	Acidobacteriaceae	Terracidiphilus		4568995	58	120	2.5k
bin.243	k__Bacteria	2258	187	116	62	118	7	0	0	0	65.11	2.46	id242	Bacteria	Acidobacteriota	Acidobacteriae	Acidobacteriales	Acidobacteriaceae	Terracidiphilus		3962679	60	388	2.5k
bin.328	k__Bacteria	2258	187	116	91	91	5	0	0	0	65.87	2.59	id327	Bacteria	Acidobacteriota	Acidobacteriae	Acidobacteriales	Acidobacteriaceae	Terracidiphilus		7013008	59	662	2.5k
bin.393	k__Bacteria	2258	187	116	30	154	3	0	0	0	97.63	2.59	id392	Bacteria	Acidobacteriota	Acidobacteriae	Acidobacteriales	Acidobacteriaceae	Terracidiphilus		5513829	61	36	2.5k
bin.097	k__Bacteria	2258	187	116	36	150	1	0	0	0	92.46	0.86	id96	Bacteria	Acidobacteriota	Acidobacteriae	Acidobacteriales	Acidobacteriaceae	Terracidiphilus		5218641	61	25	10k
bin.119	k__Bacteria	2258	187	116	18	168	1	0	0	0	94.95	0.17	id118	Bacteria	Acidobacteriota	Acidobacteriae	Acidobacteriales	Acidobacteriaceae	Terracidiphilus		4026064	58	112	10k
bin.132	k__Bacteria	2258	187	116	60	116	11	0	0	0	85.49	9.48	id131	Bacteria	Acidobacteriota	Acidobacteriae	Acidobacteriales	Acidobacteriaceae	Terracidiphilus		7003962	57	291	10k
bin.198	k__Bacteria	2258	187	116	18	161	8	0	0	0	86.42	5.34	id197	Bacteria	Acidobacteriota	Acidobacteriae	Acidobacteriales	Acidobacteriaceae	Terracidiphilus		8240664	58	291	10k
bin.246	k__Bacteria	2258	187	116	6	174	7	0	0	0	95.47	2.78	id245	Bacteria	Acidobacteriota	Acidobacteriae	Acidobacteriales	Acidobacteriaceae	Terracidiphilus		4411621	58	73	10k
bin.374	k__Bacteria	5449	104	58	65	37	2	0	0	0	53.33	3.45	id373	Bacteria	Acidobacteriota	Acidobacteriae	Acidobacteriales	Acidobacteriaceae	Terracidiphilus		2992817	59	160	10k
bin.380	k__Bacteria	2258	187	116	58	123	6	0	0	0	78.04	4.31	id379	Bacteria	Acidobacteriota	Acidobacteriae	Acidobacteriales	Acidobacteriaceae	Terracidiphilus		6135034	57	270	10k
bin.100	k__Bacteria	2258	187	116	36	148	3	0	0	0	92.47	1.34	id99	Bacteria	Acidobacteriota	Acidobacteriae	Acidobacteriales	Acidobacteriaceae	UBA5172		3113568	59	163	2.5k
bin.410	k__Bacteria	2258	187	116	73	113	1	0	0	0	76.65	0.86	id409	Bacteria	Acidobacteriota	Acidobacteriae	Acidobacteriales	Acidobacteriaceae	UBA5172		2743915	58	141	2.5k
bin.079	k__Bacteria	2258	187	116	55	130	2	0	0	0	82.13	0.48	id78	Bacteria	Acidobacteriota	Acidobacteriae	Acidobacteriales	Acidobacteriaceae	UBA5172		2853767	59	117	10k
bin.268	k__Bacteria	2258	187	116	91	94	2	0	0	0	63.58	1.72	id267	Bacteria	Acidobacteriota	Acidobacteriae	Acidobacteriales	Acidobacteriaceae	UBA5172		2253376	58	68	10k
bin.340	k__Bacteria	2258	187	116	28	158	1	0	0	0	96.56	0.29	id339	Bacteria	Acidobacteriota	Acidobacteriae	Acidobacteriales	Acidobacteriaceae			2403746	62	47	2.5k
bin.033	k__Bacteria	2258	187	116	32	155	0	0	0	0	94.26	0	id32	Bacteria	Acidobacteriota	Acidobacteriae	Acidobacteriales	Acidobacteriaceae			2381809	62	44	10k
bin.109	k__Bacteria	2258	188	117	73	105	10	0	0	0	64.32	6.84	id108	Bacteria	Acidobacteriota	Acidobacteriae	Acidobacteriales	SbA1	JABCYV01		5308060	56	293	10k
bin.202	k__Bacteria	2258	188	117	14	167	7	0	0	0	94.89	4.7	id201	Bacteria	Acidobacteriota	Acidobacteriae	Acidobacteriales	SbA1	JABCZH01		5152567	57	265	2.5k
bin.347	k__Bacteria	2258	188	117	67	115	6	0	0	0	78.25	5.13	id346	Bacteria	Acidobacteriota	Acidobacteriae	Acidobacteriales	SbA1	JABCZH01		3750963	58	125	2.5k
bin.105	k__Bacteria	2258	188	117	48	139	1	0	0	0	76.01	0.85	id104	Bacteria	Acidobacteriota	Acidobacteriae	Acidobacteriales	SbA1	JABCZH01		2695154	58	61	10k
bin.324	k__Bacteria	2258	188	117	43	140	5	0	0	0	75.8	2.99	id323	Bacteria	Acidobacteriota	Acidobacteriae	Acidobacteriales	SbA1	JABCZH01		4559633	57	184	10k
bin.251	k__Bacteria	2258	188	117	57	131	0	0	0	0	77.67	0	id250	Bacteria	Acidobacteriota	Acidobacteriae	Acidobacteriales	SbA1	JABDBE01		5240658	57	247	10k
bin.185	k__Bacteria	5449	104	58	44	39	21	0	0	0	55.17	4.37	id184	Bacteria	Acidobacteriota	Acidobacteriae	Acidobacteriales	SbA1	Sulfotelmatobacter		3531498	55	317	2.5k
bin.105	k__Bacteria	2258	188	117	16	170	2	0	0	0	94.23	1.71	id104	Bacteria	Acidobacteriota	Acidobacteriae	Acidoferrales	UBA7541	Acidoferrum		5302393	58	83	2.5k
bin.259	k__Bacteria	5449	104	58	53	51	0	0	0	0	68.97	0	id258	Bacteria	Acidobacteriota	Acidobacteriae	Acidoferrales	UBA7541	Acidoferrum		4845605	58	442	2.5k
bin.384	k__Bacteria	2258	188	117	16	171	1	0	0	0	94.23	0.85	id383	Bacteria	Acidobacteriota	Acidobacteriae	Acidoferrales	UBA7541	Acidoferrum		5212654	58	60	10k
bin.397	k__Bacteria	2258	188	117	7	179	2	0	0	0	94.87	1.71	id396	Bacteria	Acidobacteriota	Acidobacteriae	Acidoferrales	UBA7541	Palsa-295		3011734	60	36	2.5k
bin.074	k__Bacteria	2258	188	117	7	179	2	0	0	0	94.87	1.71	id73	Bacteria	Acidobacteriota	Acidobacteriae	Acidoferrales	UBA7541	Palsa-295		3011235	60	35	10k
bin.175	k__Bacteria	2258	188	117	39	146	3	0	0	0	87.39	2.56	id174	Bacteria	Acidobacteriota	Acidobacteriae	Acidoferrales	UBA7541	Palsa-360		5753683	58	352	2.5k
bin.135	k__Bacteria	2258	188	117	67	111	10	0	0	0	69.94	3.23	id134	Bacteria	Acidobacteriota	Acidobacteriae	Acidoferrales	UBA7541	Palsa-360		4382958	58	184	10k
bin.497	k__Bacteria	2258	185	115	6	176	3	0	0	0	94.78	1.74	id496	Bacteria	Acidobacteriota	Acidobacteriae	Bryobacterales	Bryobacteraceae	Palsa-89		6224671	61	34	2.5k
bin.044	k__Bacteria	2258	185	115	5	177	3	0	0	0	95.65	1.74	id43	Bacteria	Acidobacteriota	Acidobacteriae	Bryobacterales	Bryobacteraceae	Palsa-89		5884205	61	23	10k
bin.206	k__Bacteria	2258	188	117	64	117	7	0	0	0	76.57	5.34	id205	Bacteria	Acidobacteriota	Blastocatellia	UBA7656	UBA7656			9020328	57	716	2.5k
bin.194	k__Bacteria	2258	188	117	99	85	4	0	0	0	54.9	2.78	id193	Bacteria	Acidobacteriota	Blastocatellia	UBA7656	UBA7656			6100334	57	343	10k
bin.268	k__Bacteria	2258	188	117	60	123	5	0	0	0	61.37	3.42	id267	Bacteria	Acidobacteriota	Thermoanaerobaculia	UBA5704	UBA5704			5274845	70	589	2.5k
bin.205	k__Bacteria	901	171	117	80	83	8	0	0	0	53.01	3.93	id204	Bacteria	Actinobacteriota	Acidimicrobiia	Acidimicrobiales	JAFATL01			2740368	68	315	2.5k
bin.120	p__Bacteroidetes	350	316	210	97	216	3	0	0	0	77.27	1.05	id119	Bacteria	Bacteroidota	Bacteroidia	AKYH767	Palsa-948_A	JABEUT01		3279024	39	238	2.5k
bin.221	k__Bacteria	5449	104	58	53	47	4	0	0	0	68.03	6.9	id220	Bacteria	Bacteroidota	Bacteroidia	AKYH767	Palsa-948_A	JABEUT01		2722709	40	275	2.5k
bin.345	p__Bacteroidetes	350	316	210	9	304	3	0	0	0	96.1	0.95	id344	Bacteria	Bacteroidota	Bacteroidia	AKYH767	Palsa-948_A	JABEUT01		3588740	40	92	2.5k
bin.154	p__Bacteroidetes	350	316	210	18	297	1	0	0	0	92.29	0.48	id153	Bacteria	Bacteroidota	Bacteroidia	AKYH767	Palsa-948_A	JABEUT01		3311497	39	65	10k
bin.365	p__Bacteroidetes	364	303	203	99	196	8	0	0	0	71.61	2.76	id364	Bacteria	Bacteroidota	Bacteroidia	Chitinophagales	Chitinophagaceae	Ferruginibacter		2611334	35	219	2.5k
bin.256	p__Bacteroidetes	364	303	203	161	140	2	0	0	0	50.64	0.99	id255	Bacteria	Bacteroidota	Bacteroidia	Chitinophagales	Chitinophagaceae	Ferruginibacter		1788888	35	104	10k
bin.104	p__Bacteroidetes	364	303	203	53	246	4	0	0	0	83.71	1.23	id103	Bacteria	Bacteroidota	Bacteroidia	Chitinophagales	Chitinophagaceae	Sediminibacterium		3575477	41	277	2.5k
bin.023	p__Bacteroidetes	364	303	203	104	196	3	0	0	0	66.34	0.74	id22	Bacteria	Bacteroidota	Bacteroidia	Chitinophagales	Chitinophagaceae	Sediminibacterium		2655371	41	148	10k
bin.156	p__Bacteroidetes	350	316	210	23	287	6	0	0	0	95.58	2.3	id155	Bacteria	Bacteroidota	Bacteroidia	Sphingobacteriales	Sphingobacteriaceae	Mucilaginibacter		6116630	41	158	2.5k
bin.458	p__Bacteroidetes	350	316	210	35	273	8	0	0	0	88.31	2.73	id457	Bacteria	Bacteroidota	Bacteroidia	Sphingobacteriales	Sphingobacteriaceae	Mucilaginibacter		3959529	44	221	2.5k
bin.103	p__Bacteroidetes	350	316	210	100	211	5	0	0	0	74.57	1.76	id102	Bacteria	Bacteroidota	Bacteroidia	Sphingobacteriales	Sphingobacteriaceae	Mucilaginibacter		3324229	44	148	10k
bin.290	p__Bacteroidetes	350	316	210	39	274	3	0	0	0	88.68	1.19	id289	Bacteria	Bacteroidota	Bacteroidia	Sphingobacteriales	Sphingobacteriaceae	Mucilaginibacter		5812457	41	116	10k
bin.126	k__Bacteria	2258	181	111	10	170	1	0	0	0	93.39	0.23	id125	Bacteria	Bdellovibrionota	Bdellovibrionia	Bdellovibrionales	Bdellovibrionaceae			3629305	46	124	2.5k
bin.275	k__Bacteria	2258	181	111	23	157	1	0	0	0	84.38	0.23	id274	Bacteria	Bdellovibrionota	Bdellovibrionia	Bdellovibrionales	Bdellovibrionaceae			3354120	46	88	10k
bin.208	k__Bacteria	2258	182	112	73	104	5	0	0	0	67.82	4.02	id207	Bacteria	Bdellovibrionota	Bdellovibrionia_A	UBA1018	UBA1018			3559911	49	333	2.5k
bin.401	k__Bacteria	88	230	148	14	213	3	0	0	0	92.4	1.35	id400	Bacteria	Chlamydiota	Chlamydiia	Chlamydiales	Rhabdochlamydiaceae	CAJCIW01		2168499	44	95	2.5k
bin.005	k__Bacteria	88	230	148	16	213	1	0	0	0	91.05	0.68	id4	Bacteria	Chlamydiota	Chlamydiia	Chlamydiales	Rhabdochlamydiaceae	CAJCIW01		1977707	44	70	10k
bin.364	k__Bacteria	88	230	148	29	200	1	0	0	0	84.8	0.23	id363	Bacteria	Chlamydiota	Chlamydiia	Chlamydiales	Rhabdochlamydiaceae	JABDFI01		1529384	50	87	2.5k
bin.306	k__Bacteria	88	230	148	50	179	1	0	0	0	74.66	0.23	id305	Bacteria	Chlamydiota	Chlamydiia	Chlamydiales	Rhabdochlamydiaceae	JABDFI01		1287413	50	56	10k
bin.360	k__Bacteria	88	230	148	11	217	2	0	0	0	94.43	0.9	id359	Bacteria	Chlamydiota	Chlamydiia	Chlamydiales	Rhabdochlamydiaceae	PALSA-1444		1876653	44	41	2.5k
bin.477	k__Bacteria	88	230	148	57	170	3	0	0	0	76.57	1.13	id476	Bacteria	Chlamydiota	Chlamydiia	Chlamydiales	Rhabdochlamydiaceae	PALSA-1444		1608971	44	116	2.5k
bin.247	k__Bacteria	88	230	148	20	209	1	0	0	0	90.37	0.23	id246	Bacteria	Chlamydiota	Chlamydiia	Chlamydiales	Rhabdochlamydiaceae	PALSA-1444		1832225	44	35	10k
bin.288	k__Bacteria	88	230	148	111	117	2	0	0	0	60.73	0.9	id287	Bacteria	Chlamydiota	Chlamydiia	Chlamydiales	Rhabdochlamydiaceae	PALSA-1444		1267796	44	69	10k
bin.240	k__Bacteria	88	230	148	95	132	3	0	0	0	60.49	2.03	id239	Bacteria	Chlamydiota	Chlamydiia	Chlamydiales	SM23-39	CAIPFQ01		1205378	47	140	2.5k
bin.274	k__Bacteria	88	230	148	40	188	2	0	0	0	82.54	1.35	id273	Bacteria	Chlamydiota	Chlamydiia	Chlamydiales	SM23-39	CAIPFQ01		1661242	44	118	2.5k
bin.188	k__Bacteria	88	230	148	75	154	1	0	0	0	61.25	0.68	id187	Bacteria	Chlamydiota	Chlamydiia	Chlamydiales	SM23-39	CAIPFQ01		1283915	45	66	10k
bin.448	k__Bacteria	138	338	246	140	191	7	0	0	0	51.08	2.44	id447	Bacteria	Dependentiae	Babeliae	Babeliales	JACPOV01			1112820	35	73	2.5k
bin.505	k__Bacteria	138	338	246	116	220	2	0	0	0	58.94	0.81	id504	Bacteria	Dependentiae	Babeliae	Babeliales	Vermiphilaceae			1236816	37	12	2.5k
bin.215	k__Bacteria	138	338	246	116	220	2	0	0	0	58.94	0.81	id214	Bacteria	Dependentiae	Babeliae	Babeliales	Vermiphilaceae			1236816	37	12	10k
bin.093	k__Bacteria	2993	143	89	43	99	1	0	0	0	76.34	1.12	id92	Bacteria	Elusimicrobiota	Elusimicrobia	UBA1565	UBA9628	GWA2-66-18		2787610	69	246	2.5k
bin.094	k__Bacteria	2993	143	89	61	82	0	0	0	0	60.54	0	id93	Bacteria	Elusimicrobiota	Elusimicrobia	UBA1565	UBA9628	GWA2-66-18		1894182	69	122	10k
bin.103	k__Bacteria	924	161	108	46	115	0	0	0	0	79.81	0	id102	Bacteria	Eremiobacterota	Eremiobacteria	Baltobacterales	Baltobacteraceae	Aquilonibacter		2947545	60	231	2.5k
bin.126	k__Bacteria	924	163	110	88	75	0	0	0	0	52.27	0	id125	Bacteria	Eremiobacterota	Eremiobacteria	Baltobacterales	Baltobacteraceae	Aquilonibacter		2096831	60	117	10k
bin.493	k__Bacteria	924	161	108	2	159	0	0	0	0	98.15	0	id492	Bacteria	Eremiobacterota	Eremiobacteria	Baltobacterales	Baltobacteraceae	Cybelea		3197698	61	92	2.5k
bin.086	k__Bacteria	924	161	108	8	153	0	0	0	0	93.52	0	id85	Bacteria	Eremiobacterota	Eremiobacteria	Baltobacterales	Baltobacteraceae	Cybelea		3020129	61	71	10k
bin.017	k__Bacteria	924	161	108	23	135	3	0	0	0	83.64	1.3	id16	Bacteria	Eremiobacterota	Eremiobacteria	Baltobacterales	Baltobacteraceae			3804187	63	244	2.5k
bin.091	k__Bacteria	924	161	108	41	120	0	0	0	0	68.83	0	id90	Bacteria	Eremiobacterota	Eremiobacteria	Baltobacterales	Baltobacteraceae			3037111	63	141	10k
bin.130	f__Bacillaceae	128	559	182	16	521	21	1	0	0	94.43	5.34	id129	Bacteria	Firmicutes	Bacilli	Bacillales_B	DSM-18226			4193466	40	80	2.5k
bin.301	f__Bacillaceae	128	555	180	6	531	17	1	0	0	97.7	4.64	id300	Bacteria	Firmicutes	Bacilli	Bacillales_B	DSM-18226			4228940	40	77	10k
bin.181	k__Bacteria	5449	104	58	55	48	1	0	0	0	71.03	1.72	id180	Bacteria	Firmicutes_A	Clostridia	Clostridiales	Clostridiaceae			3919567	34	304	2.5k
bin.218	k__Bacteria	5449	104	58	63	40	1	0	0	0	58.97	1.72	id217	Bacteria	Firmicutes_A	Clostridia	Clostridiales	Clostridiaceae			2700153	34	135	10k
bin.159	k__Bacteria	2993	147	91	74	70	3	0	0	0	60.07	3.3	id158	Bacteria	Gemmatimonadota	Gemmatimonadetes	Gemmatimonadales	Gemmatimonadaceae	Fen-1231		3145929	63	276	2.5k
bin.378	k__Bacteria	2993	147	91	24	120	3	0	0	0	89.44	2.75	id377	Bacteria	Gemmatimonadota	Gemmatimonadetes	Gemmatimonadales	Gemmatimonadaceae	Fen-1231		3711152	64	169	2.5k
bin.187	k__Bacteria	2993	147	91	36	108	3	0	0	0	78.45	2.75	id186	Bacteria	Gemmatimonadota	Gemmatimonadetes	Gemmatimonadales	Gemmatimonadaceae	Fen-1231		3406583	64	127	10k
bin.256	k__Bacteria	2258	181	110	35	142	4	0	0	0	81.36	3.64	id255	Bacteria	Nitrospirota	Nitrospiria	Nitrospirales	Nitrospiraceae	Palsa-1315		3735202	57	277	2.5k
bin.223	k__Bacteria	2258	181	110	52	127	2	0	0	0	67.67	1.82	id222	Bacteria	Nitrospirota	Nitrospiria	Nitrospirales	Nitrospiraceae	Palsa-1315		2876193	57	149	10k
bin.073	k__Bacteria	924	151	101	29	121	1	0	0	0	73.27	0.11	id72	Bacteria	Patescibacteria	Doudnabacteria	UBA920	UBA920	PALSA-1336		1128127	45	59	2.5k
bin.416	k__Bacteria	924	151	101	28	122	1	0	0	0	74.26	0.99	id415	Bacteria	Patescibacteria	Doudnabacteria	UBA920	UBA920	PALSA-1336		1075273	45	39	2.5k
bin.501	k__Bacteria	924	151	101	59	90	2	0	0	0	52.21	0.61	id500	Bacteria	Patescibacteria	Doudnabacteria	UBA920	UBA920	PALSA-1336		685274	46	75	2.5k
bin.323	k__Bacteria	924	151	101	42	109	0	0	0	0	66.39	0	id322	Bacteria	Patescibacteria	Doudnabacteria	UBA920	UBA920	PALSA-1336		987167	45	41	10k
bin.343	k__Bacteria	924	151	101	30	121	0	0	0	0	72.28	0	id342	Bacteria	Patescibacteria	Doudnabacteria	UBA920	UBA920	PALSA-1336		1026997	45	32	10k
bin.002	k__Bacteria	924	151	101	34	117	0	0	0	0	70.79	0	id1	Bacteria	Patescibacteria	Doudnabacteria	UBA920	VMFF01			799708	56	7	2.5k
bin.248	k__Bacteria	924	151	101	34	117	0	0	0	0	70.79	0	id247	Bacteria	Patescibacteria	Doudnabacteria	UBA920	VMFF01			799708	56	7	10k
bin.032	k__Bacteria	924	151	101	42	109	0	0	0	0	63.53	0	id31	Bacteria	Patescibacteria	Microgenomatia	GWA2-44-7	UBA8517			858405	37	5	2.5k
bin.214	k__Bacteria	924	151	101	42	109	0	0	0	0	63.53	0	id213	Bacteria	Patescibacteria	Microgenomatia	GWA2-44-7	UBA8517			858405	37	5	10k
bin.107	k__Bacteria	924	151	101	30	119	2	0	0	0	73.07	0.99	id106	Bacteria	Patescibacteria	Microgenomatia	Levybacterales	UBA12049	JACDET01		2017008	36	79	2.5k
bin.135	k__Bacteria	924	151	101	34	116	1	0	0	0	68.98	0.99	id134	Bacteria	Patescibacteria	Microgenomatia	Levybacterales	UBA12049	JACDET01		1800105	35	70	2.5k
bin.142	k__Bacteria	924	151	101	38	113	0	0	0	0	66.34	0	id141	Bacteria	Patescibacteria	Microgenomatia	Levybacterales	UBA12049	JACDET01		1615459	37	43	2.5k
bin.228	k__Bacteria	924	151	101	29	115	7	0	0	0	74.17	5.94	id227	Bacteria	Patescibacteria	Microgenomatia	Levybacterales	UBA12049	JACDET01		2021070	37	77	2.5k
bin.308	k__Bacteria	924	151	101	55	89	7	0	0	0	57.59	6.93	id307	Bacteria	Patescibacteria	Microgenomatia	Levybacterales	UBA12049	JACDET01		1420241	38	54	2.5k
bin.490	k__Bacteria	924	151	101	37	99	15	0	0	0	65.35	5.35	id489	Bacteria	Patescibacteria	Microgenomatia	Levybacterales	UBA12049	JACDET01		1510962	37	83	2.5k
bin.157	k__Bacteria	924	151	101	83	68	0	0	0	0	52.97	0	id156	Bacteria	Patescibacteria	Microgenomatia	Levybacterales	UBA12049	JACDET01		1343062	36	42	10k
bin.161	k__Bacteria	924	151	101	43	107	1	0	0	0	63.04	0.99	id160	Bacteria	Patescibacteria	Microgenomatia	Levybacterales	UBA12049	JACDET01		1412158	37	44	10k
bin.232	k__Bacteria	924	151	101	34	115	2	0	0	0	69.11	0.99	id231	Bacteria	Patescibacteria	Microgenomatia	Levybacterales	UBA12049	JACDET01		1915058	36	65	10k
bin.252	k__Bacteria	924	151	101	39	112	0	0	0	0	65.35	0	id251	Bacteria	Patescibacteria	Microgenomatia	Levybacterales	UBA12049	JACDET01		1535801	37	34	10k
bin.284	k__Bacteria	924	151	101	36	115	0	0	0	0	67	0	id283	Bacteria	Patescibacteria	Microgenomatia	Levybacterales	UBA12049	JACDET01		1715234	36	54	10k
bin.379	k__Bacteria	924	151	101	50	101	0	0	0	0	56.83	0	id378	Bacteria	Patescibacteria	Microgenomatia	Levybacterales	UBA12049	JACDET01		1403377	37	57	10k
bin.039	k__Bacteria	924	151	101	42	109	0	0	0	0	66.04	0	id38	Bacteria	Patescibacteria	Microgenomatia	Levybacterales	UBA12049	PPGL01		1027297	35	55	2.5k
bin.146	k__Bacteria	924	151	101	52	99	0	0	0	0	57.92	0	id145	Bacteria	Patescibacteria	Microgenomatia	Levybacterales	UBA12049	PPGL01		901064	36	28	10k
bin.003	k__Bacteria	901	171	117	58	111	2	0	0	0	55.95	0.57	id2	Bacteria	Patescibacteria	Paceibacteria	UBA6257	2-01-FULL-56-20	CAJAQL01		815219	53	6	2.5k
bin.012	k__Bacteria	924	161	108	52	109	0	0	0	0	57.84	0	id11	Bacteria	Patescibacteria	Paceibacteria	UBA6257	2-01-FULL-56-20	CAJAQL01		873478	54	20	2.5k
bin.023	k__Bacteria	924	151	101	44	107	0	0	0	0	61.68	0	id22	Bacteria	Patescibacteria	Paceibacteria	UBA6257	2-01-FULL-56-20	CAJAQL01		845825	48	4	2.5k
bin.217	k__Bacteria	924	151	101	41	109	1	0	0	0	63.66	0.99	id216	Bacteria	Patescibacteria	Paceibacteria	UBA6257	2-01-FULL-56-20	CAJAQL01		859610	52	4	2.5k
bin.227	k__Bacteria	901	171	117	63	108	0	0	0	0	52.54	0	id226	Bacteria	Patescibacteria	Paceibacteria	UBA6257	2-01-FULL-56-20	CAJAQL01		803863	51	14	2.5k
bin.323	k__Bacteria	924	151	101	57	92	2	0	0	0	52.08	1.16	id322	Bacteria	Patescibacteria	Paceibacteria	UBA6257	2-01-FULL-56-20	CAJAQL01		733534	53	34	2.5k
bin.441	k__Bacteria	901	171	117	54	115	2	0	0	0	60.23	1.71	id440	Bacteria	Patescibacteria	Paceibacteria	UBA6257	2-01-FULL-56-20	CAJAQL01		876684	51	11	2.5k
bin.011	k__Bacteria	924	151	101	41	109	1	0	0	0	63.66	0.99	id10	Bacteria	Patescibacteria	Paceibacteria	UBA6257	2-01-FULL-56-20	CAJAQL01		859610	52	4	10k
bin.040	k__Bacteria	924	151	101	51	94	6	0	0	0	56.7	4.13	id39	Bacteria	Patescibacteria	Paceibacteria	UBA6257	2-01-FULL-56-20	CAJAQL01		889533	52	36	10k
bin.061	k__Bacteria	901	171	117	54	115	2	0	0	0	60.23	1.71	id60	Bacteria	Patescibacteria	Paceibacteria	UBA6257	2-01-FULL-56-20	CAJAQL01		876684	51	11	10k
bin.115	k__Bacteria	901	171	117	59	112	0	0	0	0	54.39	0	id114	Bacteria	Patescibacteria	Paceibacteria	UBA6257	2-01-FULL-56-20	CAJAQL01		823169	51	12	10k
bin.191	k__Bacteria	901	171	117	58	111	2	0	0	0	55.95	0.57	id190	Bacteria	Patescibacteria	Paceibacteria	UBA6257	2-01-FULL-56-20	CAJAQL01		815219	53	6	10k
bin.274	k__Bacteria	924	151	101	44	107	0	0	0	0	61.68	0	id273	Bacteria	Patescibacteria	Paceibacteria	UBA6257	2-01-FULL-56-20	CAJAQL01		845825	48	4	10k
bin.064	k__Bacteria	924	161	108	51	109	1	0	0	0	58.77	0.93	id63	Bacteria	Patescibacteria	Paceibacteria	UBA6257	2-01-FULL-56-20			944814	51	6	2.5k
bin.082	k__Bacteria	901	171	117	58	113	0	0	0	0	57.24	0	id81	Bacteria	Patescibacteria	Paceibacteria	UBA6257	2-01-FULL-56-20			821228	53	5	2.5k
bin.326	k__Bacteria	924	151	101	49	100	2	0	0	0	58.71	1.98	id325	Bacteria	Patescibacteria	Paceibacteria	UBA6257	2-01-FULL-56-20			803392	50	17	2.5k
bin.431	k__Bacteria	901	171	117	65	105	1	0	0	0	51.25	0.85	id430	Bacteria	Patescibacteria	Paceibacteria	UBA6257	2-01-FULL-56-20			677902	52	52	2.5k
bin.442	k__Bacteria	924	151	101	46	103	2	0	0	0	59.21	1.98	id441	Bacteria	Patescibacteria	Paceibacteria	UBA6257	2-01-FULL-56-20			890150	51	15	2.5k
bin.481	k__Bacteria	924	151	101	50	101	0	0	0	0	59.21	0	id480	Bacteria	Patescibacteria	Paceibacteria	UBA6257	2-01-FULL-56-20			765479	51	14	2.5k
bin.491	k__Bacteria	924	161	108	61	99	1	0	0	0	54.14	0.93	id490	Bacteria	Patescibacteria	Paceibacteria	UBA6257	2-01-FULL-56-20			893440	52	7	2.5k
bin.015	k__Bacteria	924	161	108	54	107	0	0	0	0	55.99	0	id14	Bacteria	Patescibacteria	Paceibacteria	UBA6257	2-01-FULL-56-20			857475	54	17	10k
bin.065	k__Bacteria	924	151	101	43	107	1	0	0	0	62.18	0.99	id64	Bacteria	Patescibacteria	Paceibacteria	UBA6257	2-01-FULL-56-20			944814	51	6	10k
bin.202	k__Bacteria	5449	104	58	33	71	0	0	0	0	68.97	0	id201	Bacteria	Patescibacteria	Paceibacteria	UBA6257	2-01-FULL-56-20			729954	50	11	10k
bin.236	k__Bacteria	2993	143	89	23	120	0	0	0	0	76.78	0	id235	Bacteria	Patescibacteria	Paceibacteria	UBA6257	2-01-FULL-56-20			821228	53	5	10k
bin.298	k__Bacteria	901	171	117	66	104	1	0	0	0	53.39	0.85	id297	Bacteria	Patescibacteria	Paceibacteria	UBA6257	2-01-FULL-56-20			893440	52	7	10k
bin.362	k__Bacteria	924	151	101	50	101	0	0	0	0	59.21	0	id361	Bacteria	Patescibacteria	Paceibacteria	UBA6257	2-01-FULL-56-20			751426	51	12	10k
bin.376	k__Bacteria	924	151	101	44	105	2	0	0	0	61.19	0.99	id375	Bacteria	Patescibacteria	Paceibacteria	UBA6257	2-01-FULL-56-20			910363	51	12	10k
bin.050	k__Bacteria	5449	104	58	14	90	0	0	0	0	81.87	0	id49	Bacteria	Patescibacteria	Paceibacteria	UBA9983_A	PALSA-1337	PALSA-1337		770014	50	16	2.5k
bin.089	k__Bacteria	5449	104	58	14	90	0	0	0	0	81.87	0	id88	Bacteria	Patescibacteria	Paceibacteria	UBA9983_A	PALSA-1337	PALSA-1337		760372	50	15	10k
bin.464	k__Bacteria	901	171	117	49	121	1	0	0	0	63.08	0.85	id463	Bacteria	Patescibacteria	Paceibacteria	UBA9983_A	SBAW01	GWA1-54-10		807533	52	17	2.5k
bin.335	k__Bacteria	901	171	117	51	119	1	0	0	0	62.05	0.85	id334	Bacteria	Patescibacteria	Paceibacteria	UBA9983_A	SBAW01	GWA1-54-10		786676	52	14	10k
bin.029	k__Bacteria	901	171	117	40	131	0	0	0	0	68.77	0	id28	Bacteria	Patescibacteria	Paceibacteria	UBA9983_A	UBA2100	UBA10103		950874	54	11	2.5k
bin.070	k__Bacteria	901	171	117	44	127	0	0	0	0	66.78	0	id69	Bacteria	Patescibacteria	Paceibacteria	UBA9983_A	UBA2100	UBA10103		1119780	56	21	2.5k
bin.231	k__Bacteria	901	171	117	71	98	2	0	0	0	51.58	1.71	id230	Bacteria	Patescibacteria	Paceibacteria	UBA9983_A	UBA2100	UBA10103		735695	53	69	2.5k
bin.342	k__Bacteria	2993	143	89	28	115	0	0	0	0	76.27	0	id341	Bacteria	Patescibacteria	Paceibacteria	UBA9983_A	UBA2100	UBA10103		898682	55	30	2.5k
bin.226	k__Bacteria	901	171	117	45	126	0	0	0	0	65.93	0	id225	Bacteria	Patescibacteria	Paceibacteria	UBA9983_A	UBA2100	UBA10103		1113774	56	20	10k
bin.269	k__Bacteria	901	171	117	40	131	0	0	0	0	68.77	0	id268	Bacteria	Patescibacteria	Paceibacteria	UBA9983_A	UBA2100	UBA10103		950874	54	11	10k
bin.282	k__Bacteria	2993	143	89	31	112	0	0	0	0	74.58	0	id281	Bacteria	Patescibacteria	Paceibacteria	UBA9983_A	UBA2100	UBA10103		905588	55	28	10k
bin.433	k__Bacteria	901	171	117	40	129	2	0	0	0	69.63	0.57	id432	Bacteria	Patescibacteria	Paceibacteria	UBA9983_A	UBA2103	1-14-0-10-45-20		745245	47	7	2.5k
bin.333	k__Bacteria	901	171	117	40	129	2	0	0	0	69.63	0.57	id332	Bacteria	Patescibacteria	Paceibacteria	UBA9983_A	UBA2103	1-14-0-10-45-20		745245	47	7	10k
bin.371	k__Bacteria	5449	104	58	25	79	0	0	0	0	69.33	0	id370	Bacteria	Patescibacteria	Paceibacteria	UBA9983_A	UBA2103	C7867-001		620442	57	31	2.5k
bin.002	k__Bacteria	5449	104	58	29	75	0	0	0	0	62.43	0	id1	Bacteria	Patescibacteria	Paceibacteria	UBA9983_A	UBA2103	C7867-001		552975	57	22	10k
bin.454	k__Bacteria	5449	104	58	13	90	1	0	0	0	80.46	1.72	id453	Bacteria	Patescibacteria	Paceibacteria	UBA9983_A	UBA6065			569426	52	18	2.5k
bin.363	k__Bacteria	5449	104	58	17	87	0	0	0	0	76.15	0	id362	Bacteria	Patescibacteria	Paceibacteria	UBA9983_A	UBA6065			539811	52	14	10k
bin.260	k__Bacteria	5449	104	58	59	44	1	0	0	0	58.05	1.72	id259	Bacteria	Patescibacteria	Saccharimonadia	Saccharimonadales	UBA4665	CAJCIR01		596809	42	56	2.5k
bin.045	k__Bacteria	924	161	108	46	114	1	0	0	0	63.73	0.93	id44	Bacteria	Patescibacteria	Saccharimonadia	Saccharimonadales	UBA4665	PMNU01		1137290	53	27	2.5k
bin.471	k__Bacteria	174	149	89	28	121	0	0	0	0	74.04	0	id470	Bacteria	Patescibacteria	Saccharimonadia	Saccharimonadales	UBA4665	RGVC01		1489098	43	64	2.5k
bin.008	k__Bacteria	924	161	108	30	130	1	0	0	0	74.54	0.93	id7	Bacteria	Patescibacteria	Saccharimonadia	Saccharimonadales	UBA4665	UBA5150		1024416	46	17	2.5k
bin.445	k__Bacteria	924	151	101	57	92	2	0	0	0	59.19	0.69	id444	Bacteria	Patescibacteria	Saccharimonadia	Saccharimonadales	UBA4665	UBA5150		656281	44	46	2.5k
bin.014	k__Bacteria	924	161	108	30	130	1	0	0	0	74.54	0.93	id13	Bacteria	Patescibacteria	Saccharimonadia	Saccharimonadales	UBA4665	UBA5150		1024416	46	17	10k
bin.015	k__Bacteria	5449	104	58	62	42	0	0	0	0	60.5	0	id14	Bacteria	Patescibacteria	Saccharimonadia	Saccharimonadales	UBA4665			1119918	44	79	2.5k
bin.242	k__Bacteria	924	151	101	60	83	8	0	0	0	56.77	6.44	id241	Bacteria	Patescibacteria	Saccharimonadia	Saccharimonadales	UBA4665			1688883	49	123	2.5k
bin.430	k__Bacteria	174	149	89	35	114	0	0	0	0	66.74	0	id429	Bacteria	Patescibacteria	Saccharimonadia	Saccharimonadales	UBA4665			684334	41	50	2.5k
bin.467	k__Bacteria	5449	104	58	64	40	0	0	0	0	57.76	0	id466	Bacteria	Patescibacteria	Saccharimonadia	Saccharimonadales	UBA4665			965042	53	61	2.5k
bin.238	k__Bacteria	174	149	89	33	116	0	0	0	0	68.99	0	id237	Bacteria	Patescibacteria	Saccharimonadia	Saccharimonadales	UBA4665			1366729	43	47	10k
bin.245	k__Bacteria	924	161	108	76	85	0	0	0	0	50.8	0	id244	Bacteria	Patescibacteria	Saccharimonadia	Saccharimonadales	UBA4665			558844	41	32	10k
bin.371	k__Bacteria	924	161	108	45	115	1	0	0	0	64.66	0.93	id370	Bacteria	Patescibacteria	Saccharimonadia	Saccharimonadales	UBA4665			1135215	53	24	10k
bin.090	k__Bacteria	2993	147	91	63	83	1	0	0	0	58.29	1.1	id89	Bacteria	Proteobacteria	Alphaproteobacteria	ATCC43930	Stellaceae	Aliidongia		3723695	66	436	2.5k
bin.052	k__Bacteria	5449	104	58	67	34	3	0	0	0	57.76	5.17	id51	Bacteria	Proteobacteria	Alphaproteobacteria	ATCC43930	Stellaceae	AP-15		5008314	63	502	2.5k
bin.486	c__Alphaproteobacteria	564	349	230	118	226	5	0	0	0	67.01	1.75	id485	Bacteria	Proteobacteria	Alphaproteobacteria	ATCC43930	Stellaceae	AP-15		4887536	63	515	2.5k
bin.500	c__Alphaproteobacteria	564	348	229	143	205	0	0	0	0	54.23	0	id499	Bacteria	Proteobacteria	Alphaproteobacteria	BOG-932	BOG-932	BOG-932		3454055	63	340	2.5k
bin.016	c__Alphaproteobacteria	26	529	308	75	440	13	1	0	0	87.62	2.75	id15	Bacteria	Proteobacteria	Alphaproteobacteria	Caulobacterales	Caulobacteraceae	Palsa-881		3972430	69	284	2.5k
bin.254	c__Alphaproteobacteria	564	349	230	82	264	3	0	0	0	80.11	1.3	id253	Bacteria	Proteobacteria	Alphaproteobacteria	Elsterales	Elsteraceae	JACQAI01		6255811	68	467	2.5k
bin.193	k__Bacteria	5449	104	58	63	41	0	0	0	0	62.07	0	id192	Bacteria	Proteobacteria	Alphaproteobacteria	Elsterales	Elsteraceae	JACQAI01		4198701	68	219	10k
bin.087	c__Alphaproteobacteria	564	349	230	35	307	7	0	0	0	94.41	2.32	id86	Bacteria	Proteobacteria	Alphaproteobacteria	Micropepsales	Micropepsaceae	Rhizomicrobium		4782528	62	94	10k
bin.141	k__Bacteria	5449	104	58	71	30	3	0	0	0	50.86	4.31	id140	Bacteria	Proteobacteria	Alphaproteobacteria	Reyranellales	Reyranellaceae	Reyranella		4616656	66	621	2.5k
bin.496	o__Rhizobiales	107	485	316	23	459	3	0	0	0	94.07	0.95	id495	Bacteria	Proteobacteria	Alphaproteobacteria	Rhizobiales	Xanthobacteraceae	Pseudolabrys		3216646	61	19	2.5k
bin.367	o__Rhizobiales	107	485	316	23	459	3	0	0	0	94.07	0.95	id366	Bacteria	Proteobacteria	Alphaproteobacteria	Rhizobiales	Xanthobacteraceae	Pseudolabrys		3210759	61	18	10k
bin.021	o__Rhodospirillales	63	336	201	52	283	1	0	0	0	96.53	0.5	id20	Bacteria	Proteobacteria	Alphaproteobacteria	Rhodospirillales	Magnetospirillaceae			5805556	64	55	2.5k
bin.269	o__Rhodospirillales	63	336	201	36	291	9	0	0	0	95.73	3.15	id268	Bacteria	Proteobacteria	Alphaproteobacteria	Rhodospirillales	Magnetospirillaceae			5326098	65	93	2.5k
bin.009	o__Rhodospirillales	63	336	201	45	290	1	0	0	0	97.19	0.5	id8	Bacteria	Proteobacteria	Alphaproteobacteria	Rhodospirillales	Magnetospirillaceae			5796532	64	53	10k
bin.229	o__Rhodospirillales	63	336	201	46	281	9	0	0	0	92.75	3.15	id228	Bacteria	Proteobacteria	Alphaproteobacteria	Rhodospirillales	Magnetospirillaceae			5209605	65	81	10k
bin.324	k__Bacteria	2993	147	91	0	147	0	0	0	0	100	0	id323	Bacteria	Proteobacteria	Alphaproteobacteria	Rickettsiales	JABCZZ01	JABCZZ01		2939205	57	36	2.5k
bin.446	k__Bacteria	2993	147	91	76	71	0	0	0	0	57.35	0	id445	Bacteria	Proteobacteria	Alphaproteobacteria	Rickettsiales	JABCZZ01	JABCZZ01		1672156	50	185	2.5k
bin.174	k__Bacteria	2993	147	91	0	147	0	0	0	0	100	0	id173	Bacteria	Proteobacteria	Alphaproteobacteria	Rickettsiales	JABCZZ01	JABCZZ01		2933646	57	35	10k
bin.112	c__Alphaproteobacteria	564	349	230	11	336	2	0	0	0	95.22	0.87	id111	Bacteria	Proteobacteria	Alphaproteobacteria	UBA9219	UBA9219			2082496	59	6	2.5k
bin.167	c__Alphaproteobacteria	564	348	229	11	335	2	0	0	0	95.2	0.87	id166	Bacteria	Proteobacteria	Alphaproteobacteria	UBA9219	UBA9219			2082496	59	6	10k
bin.042	o__Burkholderiales	107	574	251	43	523	8	0	0	0	96.5	0.86	id41	Bacteria	Proteobacteria	Gammaproteobacteria	Burkholderiales	Burkholderiaceae	Collimonas		5147513	60	127	2.5k
bin.204	k__Bacteria	5449	104	58	65	39	0	0	0	0	60.34	0	id203	Bacteria	Proteobacteria	Gammaproteobacteria	Burkholderiales	Burkholderiaceae	Collimonas		2840313	56	241	2.5k
bin.217	o__Burkholderiales	107	574	251	54	512	8	0	0	0	92.03	1.16	id216	Bacteria	Proteobacteria	Gammaproteobacteria	Burkholderiales	Burkholderiaceae	Collimonas		5061089	60	109	10k
bin.244	o__Burkholderiales	108	570	250	149	407	12	2	0	0	80.03	2.61	id243	Bacteria	Proteobacteria	Gammaproteobacteria	Burkholderiales	Burkholderiaceae	Pandoraea		5029135	62	439	2.5k
bin.100	k__Bacteria	5449	104	58	67	37	0	0	0	0	55.17	0	id99	Bacteria	Proteobacteria	Gammaproteobacteria	Burkholderiales	Burkholderiaceae	Pandoraea		3447799	62	208	10k
bin.292	g__Burkholderia	64	769	248	5	748	15	1	0	0	98.39	2.47	id291	Bacteria	Proteobacteria	Gammaproteobacteria	Burkholderiales	Burkholderiaceae	Paraburkholderia		8487454	65	114	2.5k
bin.107	o__Burkholderiales	107	574	251	1	565	7	1	0	0	99.95	1.92	id106	Bacteria	Proteobacteria	Gammaproteobacteria	Burkholderiales	Burkholderiaceae	Paraburkholderia		8509849	65	112	10k
bin.478	o__Burkholderiales	107	574	251	60	499	15	0	0	0	93.52	3.48	id477	Bacteria	Proteobacteria	Gammaproteobacteria	Burkholderiales	Burkholderiaceae	PKWO01		6416355	60	350	2.5k
bin.308	o__Burkholderiales	107	574	251	132	437	5	0	0	0	80.16	1.99	id307	Bacteria	Proteobacteria	Gammaproteobacteria	Burkholderiales	Burkholderiaceae	PKWO01		5618824	59	235	10k
bin.247	k__Bacteria	5449	104	58	68	35	1	0	0	0	51.72	0.86	id246	Bacteria	Proteobacteria	Gammaproteobacteria	DSM-16500	DSM-16500	JABDCN01		840422	42	101	2.5k
bin.425	c__Gammaproteobacteria	1097	270	172	93	165	12	0	0	0	73.93	5.28	id424	Bacteria	Proteobacteria	Gammaproteobacteria	DSM-16500	DSM-16500	JABDEM01		2989463	38	221	2.5k
bin.049	k__Bacteria	5449	104	58	72	32	0	0	0	0	51.72	0	id48	Bacteria	Proteobacteria	Gammaproteobacteria	DSM-16500	DSM-16500	JABDEM01		2166718	38	120	10k
bin.394	k__Bacteria	5449	104	58	59	45	0	0	0	0	61.21	0	id393	Bacteria	Proteobacteria	Gammaproteobacteria	DSM-16500	DSM-16500	JABDGC01		1437056	45	157	2.5k
bin.271	c__Gammaproteobacteria	1097	270	172	27	226	16	1	0	0	87.69	6.1	id270	Bacteria	Proteobacteria	Gammaproteobacteria	DSM-16500	DSM-16500			2788088	40	101	10k
bin.187	k__Bacteria	2993	147	91	49	98	0	0	0	0	91.21	0	id186	Bacteria	Proteobacteria	Gammaproteobacteria	Enterobacterales	Enterobacteriaceae	Acerihabitans		5517391	53	35	2.5k
bin.355	k__Bacteria	2993	147	91	82	65	0	0	0	0	58.24	0	id354	Bacteria	Proteobacteria	Gammaproteobacteria	Enterobacterales	Enterobacteriaceae	Acerihabitans		2611432	53	19	10k
bin.348	f__Enterobacteriaceae	223	874	305	64	810	0	0	0	0	96.62	0	id347	Bacteria	Proteobacteria	Gammaproteobacteria	Enterobacterales	Enterobacteriaceae	Rahnella	Rahnella laticis	5209876	53	52	2.5k
bin.340	f__Enterobacteriaceae	223	876	305	67	808	1	0	0	0	96.37	0.07	id339	Bacteria	Proteobacteria	Gammaproteobacteria	Enterobacterales	Enterobacteriaceae	Rahnella	Rahnella laticis	5193581	53	50	10k
bin.196	f__Pseudomonadaceae	183	845	321	128	698	19	0	0	0	89.15	0.83	id195	Bacteria	Proteobacteria	Gammaproteobacteria	Pseudomonadales	Pseudomonadaceae	Pseudomonas_E	Pseudomonas_E sp002814235	6589907	62	420	2.5k
bin.241	o__Pseudomonadales	185	813	308	224	578	11	0	0	0	73.15	0.6	id240	Bacteria	Proteobacteria	Gammaproteobacteria	Pseudomonadales	Pseudomonadaceae	Pseudomonas_E	Pseudomonas_E sp002814235	5362264	62	256	10k
bin.055	c__Gammaproteobacteria	1164	275	174	155	119	1	0	0	0	50.42	0.29	id54	Bacteria	Proteobacteria	Gammaproteobacteria	Steroidobacterales	Steroidobacteraceae	Bog-1198		3414526	60	385	2.5k
bin.164	c__Gammaproteobacteria	67	481	276	66	392	21	1	1	0	95.35	7.02	id163	Bacteria	Proteobacteria	Gammaproteobacteria	Steroidobacterales	Steroidobacteraceae	Bog-1198		5868634	60	88	2.5k
bin.302	c__Gammaproteobacteria	67	481	276	219	246	16	0	0	0	56.27	2.57	id301	Bacteria	Proteobacteria	Gammaproteobacteria	Steroidobacterales	Steroidobacteraceae	Bog-1198		3815780	64	417	2.5k
bin.063	c__Gammaproteobacteria	67	481	276	76	385	17	3	0	0	92.54	6.56	id62	Bacteria	Proteobacteria	Gammaproteobacteria	Steroidobacterales	Steroidobacteraceae	Bog-1198		5798954	60	67	10k
bin.113	c__Gammaproteobacteria	67	481	276	194	273	14	0	0	0	58.63	4.62	id112	Bacteria	Proteobacteria	Gammaproteobacteria	Steroidobacterales	Steroidobacteraceae	Bog-1198		3732233	63	210	10k
bin.167	k__Bacteria	5449	104	58	47	56	1	0	0	0	79.31	1.72	id166	Bacteria	Proteobacteria	Gammaproteobacteria	Steroidobacterales	Steroidobacteraceae			3945891	65	307	2.5k
bin.432	c__Gammaproteobacteria	67	481	276	189	281	11	0	0	0	60.34	2.34	id431	Bacteria	Proteobacteria	Gammaproteobacteria	Steroidobacterales	Steroidobacteraceae			3270272	64	325	2.5k
bin.029	k__Bacteria	5449	104	58	57	46	1	0	0	0	63.79	1.72	id28	Bacteria	Proteobacteria	Gammaproteobacteria	Steroidobacterales	Steroidobacteraceae			2826378	65	153	10k
bin.218	k__Bacteria	5449	104	58	54	49	1	0	0	0	70.86	1.72	id217	Bacteria	Proteobacteria	Gammaproteobacteria	Xanthomonadales	Rhodanobacteraceae	Dyella_B		3805363	64	308	2.5k
bin.229	k__Bacteria	5449	104	58	37	54	13	0	0	0	80.88	2.6	id228	Bacteria	Proteobacteria	Gammaproteobacteria	Xanthomonadales	Rhodanobacteraceae	Dyella_B		4530588	61	253	2.5k
bin.462	k__Bacteria	5449	104	58	69	35	0	0	0	0	52.59	0	id461	Bacteria	Proteobacteria	Gammaproteobacteria	Xanthomonadales	Rhodanobacteraceae	Dyella_B		3123382	60	271	2.5k
bin.143	f__Xanthomonadaceae	55	659	290	158	493	8	0	0	0	78.4	0.77	id142	Bacteria	Proteobacteria	Gammaproteobacteria	Xanthomonadales	Rhodanobacteraceae	Dyella_B		3441294	62	144	10k
bin.222	k__Bacteria	88	230	148	7	216	7	0	0	0	95.95	3.42	id221	Bacteria	Verrucomicrobiota	Verrucomicrobiae	Methylacidiphilales	UBA1321	JABDGH01		3649706	58	144	2.5k
bin.148	k__Bacteria	88	230	148	11	213	6	0	0	0	93.92	2.74	id147	Bacteria	Verrucomicrobiota	Verrucomicrobiae	Methylacidiphilales	UBA1321	JABDGH01		3350523	58	107	10k
bin.322	k__Bacteria	88	227	146	24	201	2	0	0	0	95.28	1.37	id321	Bacteria	Verrucomicrobiota	Verrucomicrobiae	Opitutales	Opitutaceae	Palsa-1447		3085725	66	28	2.5k
bin.450	k__Bacteria	88	227	146	3	224	0	0	0	0	97.95	0	id449	Bacteria	Verrucomicrobiota	Verrucomicrobiae	Opitutales	Opitutaceae	Palsa-1447		2286246	63	16	2.5k
bin.007	k__Bacteria	88	227	146	24	201	2	0	0	0	95.28	1.37	id6	Bacteria	Verrucomicrobiota	Verrucomicrobiae	Opitutales	Opitutaceae	Palsa-1447		3079225	66	27	10k
bin.082	k__Bacteria	88	227	146	3	224	0	0	0	0	97.95	0	id81	Bacteria	Verrucomicrobiota	Verrucomicrobiae	Opitutales	Opitutaceae	Palsa-1447		2286246	63	16	10k
bin.033	k__Bacteria	88	227	146	57	164	6	0	0	0	82.9	4.11	id32	Bacteria	Verrucomicrobiota	Verrucomicrobiae	Opitutales	Opitutaceae			2896473	60	166	2.5k
bin.165	k__Bacteria	88	227	146	1	225	1	0	0	0	99.32	0.68	id164	Bacteria	Verrucomicrobiota	Verrucomicrobiae	Opitutales	Opitutaceae			3182806	58	77	2.5k
bin.236	k__Bacteria	88	227	146	41	181	5	0	0	0	94.88	3.42	id235	Bacteria	Verrucomicrobiota	Verrucomicrobiae	Opitutales	Opitutaceae			3346786	61	128	2.5k
bin.309	k__Bacteria	88	227	146	118	108	1	0	0	0	51.76	0.68	id308	Bacteria	Verrucomicrobiota	Verrucomicrobiae	Opitutales	Opitutaceae			1893030	62	218	2.5k
bin.382	k__Bacteria	88	227	146	104	119	4	0	0	0	63.88	1.54	id381	Bacteria	Verrucomicrobiota	Verrucomicrobiae	Opitutales	Opitutaceae			2037655	61	181	2.5k
bin.451	k__Bacteria	88	227	146	43	179	5	0	0	0	93.83	3.42	id450	Bacteria	Verrucomicrobiota	Verrucomicrobiae	Opitutales	Opitutaceae			3692893	60	133	2.5k
bin.164	k__Bacteria	88	227	146	44	177	6	0	0	0	88.67	1.92	id163	Bacteria	Verrucomicrobiota	Verrucomicrobiae	Opitutales	Opitutaceae			3044681	61	92	10k
bin.204	k__Bacteria	88	227	146	61	162	4	0	0	0	88.36	2.74	id203	Bacteria	Verrucomicrobiota	Verrucomicrobiae	Opitutales	Opitutaceae			3454749	60	101	10k
bin.249	k__Bacteria	88	227	146	100	125	2	0	0	0	67.61	1.37	id248	Bacteria	Verrucomicrobiota	Verrucomicrobiae	Opitutales	Opitutaceae			2510234	60	107	10k
bin.297	k__Bacteria	88	227	146	1	225	1	0	0	0	99.32	0.68	id296	Bacteria	Verrucomicrobiota	Verrucomicrobiae	Opitutales	Opitutaceae			3092834	58	65	10k
bin.303	k__Bacteria	88	230	148	106	121	3	0	0	0	53.43	1.69	id302	Bacteria	Verrucomicrobiota	Verrucomicrobiae	Pedosphaerales	Palsa-1400	Palsa-1400		4160778	57	423	2.5k
bin.081	k__Bacteria	88	230	148	4	222	4	0	0	0	97.3	1.82	id80	Bacteria	Verrucomicrobiota	Verrucomicrobiae	Pedosphaerales	UBA11358	UBA11358		2293813	54	17	2.5k
bin.101	k__Bacteria	88	230	148	11	216	3	0	0	0	93.58	1.69	id100	Bacteria	Verrucomicrobiota	Verrucomicrobiae	Pedosphaerales	UBA11358	UBA11358		4105566	53	72	2.5k
bin.147	k__Bacteria	88	230	148	6	222	2	0	0	0	96.96	1.35	id146	Bacteria	Verrucomicrobiota	Verrucomicrobiae	Pedosphaerales	UBA11358	UBA11358		2679352	54	47	2.5k
bin.223	k__Bacteria	88	230	148	76	151	3	0	0	0	71.29	1.35	id222	Bacteria	Verrucomicrobiota	Verrucomicrobiae	Pedosphaerales	UBA11358	UBA11358		2040178	55	181	2.5k
bin.234	k__Bacteria	88	230	148	45	167	18	0	0	0	84.97	3.87	id233	Bacteria	Verrucomicrobiota	Verrucomicrobiae	Pedosphaerales	UBA11358	UBA11358		4002444	55	272	2.5k
bin.332	k__Bacteria	88	230	148	3	225	2	0	0	0	97.97	1.35	id331	Bacteria	Verrucomicrobiota	Verrucomicrobiae	Pedosphaerales	UBA11358	UBA11358		3001448	55	36	2.5k
bin.070	k__Bacteria	88	230	148	6	222	2	0	0	0	96.96	1.35	id69	Bacteria	Verrucomicrobiota	Verrucomicrobiae	Pedosphaerales	UBA11358	UBA11358		2635552	54	41	10k
bin.072	k__Bacteria	88	230	148	4	224	2	0	0	0	97.3	1.35	id71	Bacteria	Verrucomicrobiota	Verrucomicrobiae	Pedosphaerales	UBA11358	UBA11358		2975636	55	32	10k
bin.136	k__Bacteria	88	230	148	84	143	3	0	0	0	65.31	1.49	id135	Bacteria	Verrucomicrobiota	Verrucomicrobiae	Pedosphaerales	UBA11358	UBA11358		3121032	55	146	10k
bin.142	k__Bacteria	88	230	148	12	215	3	0	0	0	92.91	1.69	id141	Bacteria	Verrucomicrobiota	Verrucomicrobiae	Pedosphaerales	UBA11358	UBA11358		4062039	53	65	10k
bin.341	k__Bacteria	88	230	148	4	222	4	0	0	0	97.3	1.82	id340	Bacteria	Verrucomicrobiota	Verrucomicrobiae	Pedosphaerales	UBA11358	UBA11358		2293813	54	17	10k
